file,label,split,original
aagfhgtpmv.mp4,0,train,vudstovrck.mp4
aapnvogymq.mp4,0,train,jdubbvfswz.mp4
abarnvbtwb.mp4,1,train,null
abofeumbvv.mp4,0,train,atvmxvwyns.mp4
abqwwspghj.mp4,0,train,qzimuostzz.mp4
acifjvzvpm.mp4,0,train,kbvibjhfzo.mp4
acqfdwsrhi.mp4,0,train,ccfoszqabv.mp4
acxnxvbsxk.mp4,0,train,fjlyaizcwc.mp4
acxwigylke.mp4,0,train,ffcwhpnpuw.mp4
aczrgyricp.mp4,0,train,slwkmefgde.mp4
adhsbajydo.mp4,0,train,fysyrqfguw.mp4
adohikbdaz.mp4,0,train,qjlhemtkxk.mp4
adylbeequz.mp4,0,train,dlpoieqvfb.mp4
aelfnikyqj.mp4,1,train,null
aelzhcnwgf.mp4,0,train,qzimuostzz.mp4
aettqgevhz.mp4,0,train,proiippuup.mp4
aevrfsexku.mp4,0,train,gxembgiarp.mp4
afoovlsmtx.mp4,1,train,null
agdkmztvby.mp4,0,train,iufotyxgzb.mp4
agqphdxmwt.mp4,0,train,aytzyidmgs.mp4
agrmhtjdlk.mp4,1,train,null
ahbweevwpv.mp4,0,train,dkuayagnmc.mp4
ahdbuwqxit.mp4,0,train,jomvcqqars.mp4
ahfazfbntc.mp4,0,train,sunqwnmlkx.mp4
ahqqqilsxt.mp4,1,train,null
aipfdnwpoo.mp4,0,train,ygdgwyqyut.mp4
ajqslcypsw.mp4,1,train,null
ajwpjhrbcv.mp4,0,train,bzythlfnhq.mp4
aklqzsddfl.mp4,0,train,lyvlnqduqg.mp4
aknbdpmgua.mp4,0,train,yxyhvdlrgk.mp4
aknmpoonls.mp4,0,train,swedbyuehz.mp4
akvmwkdyuv.mp4,0,train,xlbnmndmku.mp4
akxoopqjqz.mp4,0,train,meawmsgiti.mp4
akzbnazxtz.mp4,0,train,ppdpgwyjgm.mp4
aladcziidp.mp4,0,train,fewcljwqkr.mp4
alaijyygdv.mp4,0,train,cppdvdejkc.mp4
alninxcyhg.mp4,0,train,tqhbgzfwsf.mp4
altziddtxi.mp4,0,train,meawmsgiti.mp4
alvgwypubw.mp4,0,train,vcxckqbaya.mp4
amaivqofda.mp4,0,train,xobhsemxmv.mp4
amowujxmzc.mp4,0,train,xwcggrygwl.mp4
andaxzscny.mp4,0,train,fysyrqfguw.mp4
aneclqfpbt.mp4,0,train,xxsxktyvzt.mp4
anpuvshzoo.mp4,1,train,null
aorjvbyxhw.mp4,0,train,bulkxhhknf.mp4
apatcsqejh.mp4,0,train,edyncaijwx.mp4
apgjqzkoma.mp4,0,train,jkddywriuf.mp4
apogckdfrz.mp4,0,train,uonshkejav.mp4
aqpnvjhuzw.mp4,0,train,xngpzquyhs.mp4
arkroixhey.mp4,0,train,fjlyaizcwc.mp4
arlmiizoob.mp4,0,train,meawmsgiti.mp4
arrhsnjqku.mp4,0,train,inkqxytzyu.mp4
asaxgevnnp.mp4,1,train,null
asdpeebotb.mp4,0,train,znjupdqnwo.mp4
aslsvlvpth.mp4,0,train,jepguaulgf.mp4
asmpfjfzif.mp4,0,train,dzyuwjkjui.mp4
asvcrfdpnq.mp4,0,train,upgerjvcjb.mp4
atkdltyyen.mp4,1,train,null
atvmxvwyns.mp4,1,train,null
atxvxouljq.mp4,0,train,wwqiuiwdbz.mp4
atyntldecu.mp4,0,train,mfzqxktxud.mp4
atzdznmder.mp4,0,train,qedsgieuqn.mp4
aufmsmnoye.mp4,0,train,ppdpgwyjgm.mp4
augtsuxpzc.mp4,0,train,ifbdbogiqn.mp4
avfitoutyn.mp4,0,train,mfzqxktxud.mp4
avgiuextiz.mp4,0,train,hyhjfdxqxy.mp4
avibnnhwhp.mp4,0,train,jdubbvfswz.mp4
avmjormvsx.mp4,1,train,null
avnqydkqjj.mp4,0,train,efwfxwwlbw.mp4
avssvvsdhz.mp4,0,train,gktjowiuqe.mp4
avtycwsgyb.mp4,0,train,qzklcjjxdq.mp4
avvdgsennp.mp4,0,train,gbqrgajyca.mp4
avywawptfc.mp4,0,train,rrcsuwgpnd.mp4
awhmfnnjih.mp4,0,train,xclqbefnvc.mp4
awnwkrqibf.mp4,0,train,cprhtltsjp.mp4
awukslzjra.mp4,0,train,ujzwwfkeia.mp4
axczxisdtb.mp4,0,train,meawmsgiti.mp4
axntxmycwd.mp4,1,train,null
axoygtekut.mp4,0,train,topyiohccg.mp4
axwgcsyphv.mp4,0,train,mfnowqfdwl.mp4
axwovszumc.mp4,0,train,rvoudrbyac.mp4
aybgughjxh.mp4,1,train,null
aybumesmpk.mp4,1,train,null
ayqvfdhslr.mp4,0,train,xxrzzncksa.mp4
aytzyidmgs.mp4,1,train,null
azpuxunqyo.mp4,0,train,jjyfvzxwwx.mp4
azsmewqghg.mp4,0,train,djxdyjopjd.mp4
bahdpoesir.mp4,0,train,xnhcreiyqg.mp4
bbhpvrmbse.mp4,0,train,imzqmbfugn.mp4
bbhtdfuqxq.mp4,0,train,cpjxareypw.mp4
bbvgxeczei.mp4,0,train,fysyrqfguw.mp4
bchnbulevv.mp4,0,train,iyefnuagav.mp4
bctvsmddgq.mp4,0,train,ybjrqnqnno.mp4
bdbhekrrwo.mp4,0,train,qtnjyomzwo.mp4
bddjdhzfze.mp4,1,train,null
bdgipnyobr.mp4,0,train,keecvpbncd.mp4
bdnaqemxmr.mp4,1,train,null
bdxuhamuqx.mp4,0,train,fecysfujzk.mp4
beboztfcme.mp4,1,train,null
bejhvclboh.mp4,1,train,null
benmsfzfaz.mp4,0,train,kysxawkest.mp4
beyebyhrph.mp4,1,train,null
bffwsjxghk.mp4,1,train,null
bgaogsjehq.mp4,0,train,xzvrgckqkz.mp4
bggsurpgpr.mp4,0,train,gxembgiarp.mp4
bghphrsfxf.mp4,0,train,sgjnvxvcpu.mp4
bgmlwsoamc.mp4,0,train,woshnzbxmc.mp4
bguwlyazau.mp4,0,train,znpdbbsfvj.mp4
bgvhtpzknn.mp4,1,train,null
bgwmmujlmc.mp4,1,train,null
bhaaboftbc.mp4,0,train,rlvgtsjyer.mp4
bhbdugnurr.mp4,0,train,vcxckqbaya.mp4
bhpwpydzpo.mp4,0,train,yfsnwkbafm.mp4
bhsluedavd.mp4,0,train,kydlpqfrvv.mp4
bilnggbxgu.mp4,1,train,null
bjjbwsqjir.mp4,0,train,tdohqkzvbk.mp4
bjkmjilrxp.mp4,0,train,yfsnwkbafm.mp4
bjsmaqefoi.mp4,0,train,mfpgdgsaxg.mp4
bkmdzhfzfh.mp4,0,train,hyuipchisa.mp4
bkvetcojbt.mp4,0,train,ybjrqnqnno.mp4
bkwxhglwct.mp4,0,train,gjypopglvi.mp4
blpchvmhxx.mp4,0,train,xqnykluhws.mp4
blzydqdfem.mp4,0,train,dbtbbhakdv.mp4
bmbbkwmxqj.mp4,0,train,rrcsuwgpnd.mp4
bmehkyanbj.mp4,0,train,ptokilxwcx.mp4
bmhvktyiwp.mp4,0,train,gneufaypol.mp4
bmioepcpsx.mp4,0,train,vmospzljws.mp4
bmjmjmbglm.mp4,0,train,mmhqllmlew.mp4
bmjzrlszhi.mp4,1,train,null
bnbuonyoje.mp4,0,train,fntskqfxxf.mp4
bndybcqhfr.mp4,0,train,xnfwdpptym.mp4
bnjcdrfuov.mp4,0,train,ellavthztb.mp4
bntlodcfeg.mp4,0,train,ytufbmkdlq.mp4
bofqajtwve.mp4,0,train,dbtbbhakdv.mp4
boovltmuwi.mp4,0,train,sfujxhuyje.mp4
bopqhhalml.mp4,0,train,oesxbvktem.mp4
bourlmzsio.mp4,0,train,bxzakyopjf.mp4
bpapbctoao.mp4,1,train,null
bpwzipqtxf.mp4,0,train,lmlyvmfbbe.mp4
bpxckdzddv.mp4,0,train,cizlkenljw.mp4
bqdjzqhcft.mp4,0,train,ytufbmkdlq.mp4
bqeiblbxtl.mp4,0,train,iklzfeueid.mp4
bqhtpqmmqp.mp4,0,train,meawmsgiti.mp4
bqkdbcqjvb.mp4,0,train,atvmxvwyns.mp4
bqnymlsayl.mp4,0,train,xagsvjctmp.mp4
bqqpbzjgup.mp4,0,train,djxdyjopjd.mp4
bqtuuwzdtr.mp4,0,train,yagllixjvh.mp4
brhalypwoo.mp4,0,train,uuxqylnzls.mp4
brvqtabyxj.mp4,0,train,ywvlvpvroj.mp4
brwrlczjvi.mp4,1,train,null
bseamdrpbj.mp4,0,train,fdcttsvjwf.mp4
bsfmwclnqy.mp4,0,train,ubplsigbvj.mp4
bsqgziaylx.mp4,0,train,brwrlczjvi.mp4
btiysiskpf.mp4,0,train,gxhcuxulhi.mp4
btjlfpzbdu.mp4,0,train,drcyabprvt.mp4
btjwbtsgln.mp4,0,train,xwcggrygwl.mp4
btmsngnqhv.mp4,0,train,crezycjqyk.mp4
btohlidmru.mp4,0,train,cyxlcuyznd.mp4
btugrnoton.mp4,0,train,kgbkktcjxf.mp4
btunxncpjh.mp4,0,train,mgowkzsbyx.mp4
btxlttbpkj.mp4,0,train,fhghkqdkhe.mp4
bulkxhhknf.mp4,1,train,null
bvgwelbeof.mp4,0,train,mmhqllmlew.mp4
bvzjkezkms.mp4,0,train,ekcrtigpab.mp4
bweezhfpzp.mp4,0,train,ywvlvpvroj.mp4
bwhlgysghg.mp4,1,train,null
bwipwzzxxu.mp4,1,train,null
bwuwstvsbw.mp4,0,train,xzvrgckqkz.mp4
bxzakyopjf.mp4,1,train,null
bydaidkpdp.mp4,0,train,gktjowiuqe.mp4
byfenovjnf.mp4,0,train,gipbyjfxfp.mp4
byijojkdba.mp4,0,train,liniegczcx.mp4
byofowlkki.mp4,0,train,ifjktxxiln.mp4
byqzyxifza.mp4,0,train,kgbkktcjxf.mp4
byunigvnay.mp4,0,train,nvpluswotp.mp4
byyqectxqa.mp4,0,train,fdcttsvjwf.mp4
bzmdrafeex.mp4,0,train,sqwvfgwdxr.mp4
bzythlfnhq.mp4,1,train,null
caifxvsozs.mp4,1,train,null
caqbrkogkb.mp4,0,train,vgqotmftcr.mp4
cbbibzcoih.mp4,0,train,lietldeotq.mp4
cbltdtxglo.mp4,0,train,svcnlasmeh.mp4
ccfoszqabv.mp4,1,train,null
ccmonzqfrz.mp4,0,train,gxhcuxulhi.mp4
cdaxixbosp.mp4,0,train,itzmdwutdu.mp4
cdbsbdymzd.mp4,0,train,xngpzquyhs.mp4
cdphtzqrvp.mp4,0,train,ehtdtkmmli.mp4
cdyakrxkia.mp4,0,train,atvmxvwyns.mp4
cepxysienc.mp4,0,train,euqpvnyxrb.mp4
cettndmvzl.mp4,0,train,kysxawkest.mp4
ceymbecxnj.mp4,0,train,gjypopglvi.mp4
cferslmfwh.mp4,0,train,fygviyzcjm.mp4
cffffbcywc.mp4,0,train,ztbinwxgyu.mp4
cfxkpiweqt.mp4,1,train,null
cfyduhpbps.mp4,0,train,tfoxelmnjx.mp4
cglxirfaey.mp4,0,train,qypgyrxcme.mp4
cgvrgibpfo.mp4,0,train,puppdcffcj.mp4
chtapglbcj.mp4,1,train,null
chviwxsfhg.mp4,1,train,null
chzieimrwu.mp4,0,train,topyiohccg.mp4
ciyoudyhly.mp4,1,train,null
cizlkenljw.mp4,1,train,null
ckbdwedgmc.mp4,0,train,zrkinjhsuq.mp4
ckjaibzfxa.mp4,1,train,null
ckkuyewywx.mp4,1,train,null
cknyxaqouy.mp4,0,train,bwipwzzxxu.mp4
cksanfsjhc.mp4,0,train,atkdltyyen.mp4
clihsshdkq.mp4,0,train,qzimuostzz.mp4
clrycekyst.mp4,1,train,null
cmbzllswnl.mp4,1,train,null
cmxcfkrjiv.mp4,0,train,ztbinwxgyu.mp4
cnilkgvfei.mp4,0,train,kwyvikrgmx.mp4
coadfnerlk.mp4,0,train,bwipwzzxxu.mp4
cobjrlugvp.mp4,1,train,null
covdcysmbi.mp4,0,train,jomvcqqars.mp4
cpjxareypw.mp4,1,train,null
cppdvdejkc.mp4,1,train,null
cprhtltsjp.mp4,1,train,null
cqfugiqupm.mp4,0,train,fpvduejzcw.mp4
cqhngvpgyi.mp4,0,train,tfoixxmpoo.mp4
cqrskwiqng.mp4,0,train,swedbyuehz.mp4
crezycjqyk.mp4,1,train,null
crktehraph.mp4,0,train,vrsinxahfh.mp4
crzfebnfgb.mp4,0,train,wgmbcqfgkp.mp4
cthdnahrkh.mp4,0,train,vrsinxahfh.mp4
ctpqeykqdp.mp4,0,train,iklzfeueid.mp4
cttqtsjvgn.mp4,0,train,fkyrrigzpt.mp4
ctzmavwror.mp4,0,train,lkdlzpkukw.mp4
curpwogllm.mp4,0,train,chtapglbcj.mp4
cuzrgrbvil.mp4,0,train,iiomvouemm.mp4
cvaksbpssm.mp4,0,train,gdfyzwykty.mp4
cwbacdwrzo.mp4,0,train,fecysfujzk.mp4
cwqlvzefpg.mp4,0,train,qeumxirsme.mp4
cwrtyzndpx.mp4,0,train,kgbkktcjxf.mp4
cwsbspfzck.mp4,0,train,wtreibcmgm.mp4
cwwandrkus.mp4,0,train,kgbkktcjxf.mp4
cxfujlvsuw.mp4,0,train,qtnjyomzwo.mp4
cxrfacemmq.mp4,0,train,dlpoieqvfb.mp4
cxttmymlbn.mp4,0,train,qapnbtdypb.mp4
cyboodqqyr.mp4,0,train,qeumxirsme.mp4
cycacemkmt.mp4,0,train,atvmxvwyns.mp4
cyclgfjdrv.mp4,0,train,gbqrgajyca.mp4
cyxlcuyznd.mp4,1,train,null
czfunozvwp.mp4,0,train,caifxvsozs.mp4
czkdanyadc.mp4,0,train,meawmsgiti.mp4
czmqpxrqoh.mp4,0,train,atvmxvwyns.mp4
dafhtipaml.mp4,0,train,kdodrvufdh.mp4
dakiztgtnw.mp4,1,train,null
dakqwktlbi.mp4,0,train,atvmxvwyns.mp4
dbhoxkblzx.mp4,0,train,qtnjyomzwo.mp4
dbhrpizyeq.mp4,0,train,ffcwhpnpuw.mp4
dbnygxtwek.mp4,1,train,null
dboxtiehng.mp4,0,train,jjyfvzxwwx.mp4
dbtbbhakdv.mp4,1,train,null
dbzcqmxzaj.mp4,0,train,yxyhvdlrgk.mp4
dbzpcjntve.mp4,0,train,ellavthztb.mp4
dcamvmuors.mp4,0,train,iuzdfwsefw.mp4
dcuiiorugd.mp4,0,train,wapebjxejr.mp4
ddepeddixj.mp4,1,train,null
ddhfabwpuz.mp4,0,train,luvasmspox.mp4
ddjggcasdw.mp4,0,train,qtnjyomzwo.mp4
ddpvuimigj.mp4,0,train,ijokcwewbs.mp4
ddqccgmtka.mp4,0,train,qokxxuayqn.mp4
degpbqvcay.mp4,0,train,ptokilxwcx.mp4
deywhkarol.mp4,0,train,ljaifbsfuw.mp4
deyyistcrd.mp4,0,train,ywvlvpvroj.mp4
dfbpceeaox.mp4,0,train,bffwsjxghk.mp4
dgmevclvzy.mp4,0,train,jzmdganfys.mp4
dgxrqjdomn.mp4,0,train,duycddgtrl.mp4
dgzklxjmix.mp4,0,train,jszyyhamrh.mp4
dhcndnuwta.mp4,1,train,null
dhcselezer.mp4,0,train,uonshkejav.mp4
dhevettufk.mp4,0,train,cppdvdejkc.mp4
dhjmzhrcav.mp4,0,train,tdohqkzvbk.mp4
dhkwmjxwrn.mp4,0,train,ehccixxzoe.mp4
dhoqofwoxa.mp4,0,train,gbqrgajyca.mp4
dhxctgyoqj.mp4,1,train,null
diomeixhrg.mp4,0,train,gneufaypol.mp4
diopzaywor.mp4,0,train,fgfyrfyqay.mp4
diqraixiov.mp4,0,train,gmihbscmwq.mp4
diuzrpqjli.mp4,0,train,smggzgxymo.mp4
djvtbgwdcc.mp4,0,train,jljpdojupu.mp4
djvutyvaio.mp4,0,train,zhfyuhonra.mp4
djxdyjopjd.mp4,1,train,null
dkdwxmtpuo.mp4,0,train,mmhqllmlew.mp4
dkhlttuvmx.mp4,0,train,qeumxirsme.mp4
dkrvorliqc.mp4,0,train,hcswybumab.mp4
dkuayagnmc.mp4,1,train,null
dkwjwbwgey.mp4,0,train,rfzzrftgco.mp4
dkzvdrzcnr.mp4,1,train,null
dlpoieqvfb.mp4,1,train,null
dlrsbscitn.mp4,0,train,ztbinwxgyu.mp4
dnexlwbcxq.mp4,0,train,ezaajaswoe.mp4
dnhvalzvrt.mp4,0,train,tamayudqqx.mp4
dntkzzzcdh.mp4,0,train,gnyspcpbhd.mp4
dnyvfblxpm.mp4,0,train,eckvhdusax.mp4
doanjploai.mp4,0,train,fkqptfouqw.mp4
dofusvhnib.mp4,0,train,xnfwdpptym.mp4
dozyddhild.mp4,0,train,ngdswpaqnt.mp4
dptbnjnkdg.mp4,0,train,kkzsnmrkqk.mp4
dptrzdvwpg.mp4,0,train,iiomvouemm.mp4
dqnyszdong.mp4,0,train,qeumxirsme.mp4
dqppxmoqdl.mp4,0,train,zrkinjhsuq.mp4
dqqtjcryjv.mp4,0,train,iyefnuagav.mp4
dqswpjoepo.mp4,0,train,kydlpqfrvv.mp4
dqzreruvje.mp4,0,train,rlldzrnmdn.mp4
drcyabprvt.mp4,1,train,null
drgjzlxzxj.mp4,0,train,yagllixjvh.mp4
drsakwyvqv.mp4,0,train,jomvcqqars.mp4
drtbksnpol.mp4,0,train,dzyuwjkjui.mp4
dsdoseflas.mp4,0,train,dzyuwjkjui.mp4
dsgpbgsrdm.mp4,0,train,nlerwupaqr.mp4
dsjbknkujw.mp4,1,train,null
dsndhujjjb.mp4,0,train,ohnonevlro.mp4
dtbpmdqvao.mp4,0,train,gjypopglvi.mp4
dtocdfbwca.mp4,0,train,dakiztgtnw.mp4
dubiroskqn.mp4,0,train,gzyzdcbuuv.mp4
dulanfulol.mp4,0,train,iieoqptzec.mp4
duvyaxbzvp.mp4,0,train,fgfyrfyqay.mp4
duycddgtrl.mp4,1,train,null
duzuusuajr.mp4,0,train,fgfyrfyqay.mp4
dvakowbgbt.mp4,0,train,slwkmefgde.mp4
dvumqqhoac.mp4,0,train,kuelhabsmz.mp4
dwediigjit.mp4,0,train,tmdformfqp.mp4
dxbqjxrhin.mp4,1,train,null
dxuliowugt.mp4,0,train,imzqmbfugn.mp4
dxuplhwvig.mp4,0,train,yoavqsqobz.mp4
dzieklokdr.mp4,0,train,pylnolwenx.mp4
dzqwgqewhu.mp4,0,train,xwcggrygwl.mp4
dzvyfiarrq.mp4,0,train,bgwmmujlmc.mp4
dzwkmcwkwl.mp4,0,train,pqvypayzrp.mp4
dzyuwjkjui.mp4,1,train,null
eahlqmfvtj.mp4,0,train,lyvlnqduqg.mp4
eajlrktemq.mp4,0,train,yjlsxqoauz.mp4
ebchwmwayp.mp4,0,train,ehccixxzoe.mp4
ebebgmtlcu.mp4,0,train,iufotyxgzb.mp4
ebeknhudxq.mp4,0,train,fysyrqfguw.mp4
ebkzwjgjhq.mp4,0,train,kgbkktcjxf.mp4
ebywfrmhtd.mp4,0,train,grnycmbdfu.mp4
eckvhdusax.mp4,1,train,null
ecnihjlfyt.mp4,0,train,kysxawkest.mp4
ecujsjhscd.mp4,1,train,null
ecuvtoltue.mp4,0,train,xngpzquyhs.mp4
ecwaxgutkc.mp4,0,train,itmwoyxbas.mp4
eczrseixwq.mp4,0,train,iieoqptzec.mp4
edyncaijwx.mp4,1,train,null
eebrkicpry.mp4,0,train,rjlgchzmfv.mp4
eebserckhh.mp4,0,train,qzklcjjxdq.mp4
eejswgycjc.mp4,0,train,qzklcjjxdq.mp4
eekozbeafq.mp4,0,train,olakcrnuro.mp4
eepezmygaq.mp4,0,train,abarnvbtwb.mp4
eeyhxisdfh.mp4,0,train,lyvlnqduqg.mp4
efdyrflcpg.mp4,0,train,xngpzquyhs.mp4
efwfxwwlbw.mp4,1,train,null
egbbcxcuqy.mp4,0,train,hqtepxaeqx.mp4
eggbjzxnmg.mp4,1,train,null
egghxjjmfg.mp4,1,train,null
ehbnclaukr.mp4,0,train,gipbyjfxfp.mp4
ehccixxzoe.mp4,1,train,null
ehdkmxgtxh.mp4,0,train,bejhvclboh.mp4
ehevsxtecd.mp4,0,train,nzquxipbye.mp4
ehfiekigla.mp4,0,train,avmjormvsx.mp4
ehieahnhte.mp4,0,train,sasoxcqisz.mp4
ehtdtkmmli.mp4,1,train,null
eiriyukqqy.mp4,0,train,ixuouyigxa.mp4
eivxffliio.mp4,0,train,joeifeskbs.mp4
eiwopxzjfn.mp4,0,train,xzvrgckqkz.mp4
eixwxvxbbn.mp4,0,train,ywvlvpvroj.mp4
ejkqesyvam.mp4,0,train,jwcsqxzdlv.mp4
ekcrtigpab.mp4,1,train,null
ekhacizpah.mp4,0,train,egghxjjmfg.mp4
ekkdjkirzq.mp4,0,train,tivkmbqgwp.mp4
elginszwtk.mp4,0,train,gipbyjfxfp.mp4
ellavthztb.mp4,1,train,null
elvvackpjh.mp4,0,train,qhkqqfznrg.mp4
emaalmsonj.mp4,0,train,dzyuwjkjui.mp4
emfbhytfhc.mp4,0,train,cprhtltsjp.mp4
emgjphonqb.mp4,0,train,ybjrqnqnno.mp4
ensyyivobf.mp4,0,train,lulmevqtla.mp4
eoewqcpbgt.mp4,0,train,gbqrgajyca.mp4
eprybmbpba.mp4,0,train,kuelhabsmz.mp4
epymyyiblu.mp4,0,train,svcnlasmeh.mp4
eqjscdagiv.mp4,0,train,dbnygxtwek.mp4
eqnoqyfquo.mp4,1,train,null
eqvuznuwsa.mp4,0,train,cmbzllswnl.mp4
erlvuvjsjf.mp4,1,train,null
erqgqacbqe.mp4,0,train,nvpluswotp.mp4
errocgcham.mp4,0,train,grnycmbdfu.mp4
esckbnkkvb.mp4,0,train,gdfyzwykty.mp4
esgftaficx.mp4,0,train,rrcsuwgpnd.mp4
esnntzzajv.mp4,0,train,ybetenmsye.mp4
esxrvsgpvb.mp4,0,train,gomwfvijiv.mp4
esyhwdfnxs.mp4,0,train,qeumxirsme.mp4
esyrimvzsa.mp4,0,train,qzklcjjxdq.mp4
etdcqxabww.mp4,0,train,gipbyjfxfp.mp4
etejaapnxh.mp4,0,train,wtreibcmgm.mp4
etmcruaihe.mp4,0,train,afoovlsmtx.mp4
etohcvnzbj.mp4,0,train,bdnaqemxmr.mp4
eudeqjhdfd.mp4,1,train,null
eukvucdetx.mp4,0,train,gjypopglvi.mp4
